,AAPL,JPM,KO,JNJ,XOM,BA
AAPL,1.0,0.37454980959046147,0.25698780618537875,0.15125945333479018,0.18296708464982675,0.3819252676043474
JPM,0.37454980959046147,1.0,0.20275393785246443,0.1889528706656611,0.30064968058263974,0.403929296275355
KO,0.25698780618537875,0.20275393785246443,1.0,0.45095784580227755,0.1663445125706698,0.13172260105683373
JNJ,0.15125945333479018,0.1889528706656611,0.45095784580227755,1.0,0.11776989836424175,0.07256374191993521
XOM,0.18296708464982675,0.30064968058263974,0.1663445125706698,0.11776989836424175,1.0,0.20394127520172917
BA,0.3819252676043474,0.403929296275355,0.13172260105683373,0.07256374191993521,0.20394127520172917,1.0
