,AAPL,JPM,KO,JNJ,XOM,BA
AAPL,0.0,4.462308522284036e-43,2.2288010365938213e-20,7.277504185679155e-08,6.553652678458015e-11,7.40715683998118e-45
JPM,4.462308522284036e-43,0.0,4.135861234465753e-13,1.4985000128642215e-11,1.2420301433250406e-27,1.9083744517344699e-50
KO,2.2288010365938213e-20,4.135861234465753e-13,0.0,6.872118385596323e-64,3.059113537313202e-09,2.838578373638879e-06
JNJ,7.277504185679155e-08,1.4985000128642215e-11,6.872118385596323e-64,0.0,2.8829657582998268e-05,0.010126764494974327
XOM,6.553652678458015e-11,1.2420301433250406e-27,3.059113537313202e-09,2.8829657582998268e-05,0.0,2.999624019070187e-13
BA,7.40715683998118e-45,1.9083744517344699e-50,2.838578373638879e-06,0.010126764494974327,2.999624019070187e-13,0.0
