Return,Volatility,Sharpe Ratio,AAPL weight,JPM weight,KO weight,JNJ weight,XOM weight,BA weight
0.11833806892526591,0.12753470376768905,0.9278891582390368,0.05626200013118805,0.03548188937832857,0.37792098760086407,0.34904523347582866,0.12912593283940893,0.052163956574381665
